{"cameraMode":{"drawMode":0,"name":"Shaded","section":"Shading Mode"},"sceneLighting":false,"audioPlay":false,"sceneViewState":{"m_AlwaysRefresh":false,"showFog":true,"showSkybox":false,"showFlares":true,"showImageEffects":true,"showParticleSystems":true,"showVisualEffectGraphs":true,"m_FxEnabled":true},"in2DMode":false,"pivot":{"x":0.013857245445251465,"y":0.9759354591369629,"z":-2.2176735401153566},"rotation":{"x":-0.06176413223147392,"y":-0.9004402756690979,"z":0.4086157977581024,"w":-0.13618925213813783},"size":2.688744306564331,"orthographic":false}