{"cameraMode":{"drawMode":0,"name":"Shaded","section":"Shading Mode"},"sceneLighting":true,"audioPlay":false,"sceneViewState":{"m_AlwaysRefresh":false,"showFog":true,"showSkybox":true,"showFlares":true,"showImageEffects":true,"showParticleSystems":true,"showVisualEffectGraphs":true,"m_FxEnabled":true},"in2DMode":false,"pivot":{"x":3.3566761016845705,"y":-2.9486637115478517,"z":6.677920818328857},"rotation":{"x":0.1786707192659378,"y":0.38918590545654299,"z":-0.07723068445920944,"w":0.9003608226776123},"size":17.17022705078125,"orthographic":true}